product_name,price
[OLXmobbi] Honda CR-V 1.5 Turbo Bensin-AT 2019 Abu-Abu,Rp 327.000.000
[OLXmobbi] Toyota Agya 1.0 G Bensin-MT 2016 TKO,Rp 102.000.000
[OLXmobbi] Toyota Avanza 1.3 G Bensin MT 2016 Hitam (SKO),Rp 117.000.000
Toyota Rush S TRD AT 2021 Hitam Automatic Genap F Bogor Sukabumi,Rp 199.000.000
Daihatsu Gran max BV AC 2018 Grand Mex Blind Van Grandmax Blen Ven Pen,Rp 84.000.000
[OLXmobbi] Nissan Livina 1.5 VL Bensin-AT 2019 Abu (NZD),Rp 193.000.000
SX4 SCROSS MATIC ISTIMEWA,Rp 165.000.000
Avanza G 2011 Abu abu.,Rp 97.500.000
Flash Sale mazda3 MT 1.6 2007 B jaksel,Rp 80.000.000
Honda CIVIC Turbo HATCHBACK 2017 Black On Black Kondisi SANGAT PRIMA,Rp 365.000.000
Triton 2.5 HDX mt DC th 2022,Rp 310.000.000
Nissan Xtrail Autech 2010 Matic,Rp 118.000.000
"Toyota Yaris TRD A/T, 2016",Rp 150.000.000
"[OLXmobbi] TDP 6,JT Honda Brio 1.2 RS Bensin-MT Abu 2017",Rp 117.000.000
"[OLXmobbi] TDP 6,JT Honda Brio 1.2 RS Bensin-MT Abu 2017",Rp 117.000.000
"[OLXmobbi] TDP 6,JT Honda Brio 1.2 RS Bensin-MT Abu 2017",Rp 117.000.000
"[OLXmobbi] TDP 6,JT Honda Brio 1.2 RS Bensin-MT Abu 2017",Rp 117.000.000
[OLXmobbi] Suzuki Ignis 1.2 GX AGS Bensin-AT 2019 Merah (ZMI),Rp 131.000.000
"[OLXmobbi] TDP 3,JT Daihatsu Terios 1.5 R Deluxe Bensin-MT Hitam 2020",Rp 164.000.000
"[OLXmobbi] TDP 8,JT Toyota Rush 1.5 S Bensin-MT Hitam 2016",Rp 144.000.000
[OLXmobbi] TDP 10JT Honda Jazz 1.5 RS Bensin Abu 2016,Rp 182.000.000
[OLXmobbi] Toyota Vios 1.5 G Bensin-AT 2014 Hitam,Rp 126.000.000
[OLX AUTOS] Honda Freed 1.5 S Bensin AT 2015 Hitam (SFM),Rp 166.000.000
BRIO E SATYA 2018 TDP 8JT,Rp 139.000.000
[OLXmobbi] Honda Jazz 1.5 rs bensin 2019 Abu (TYV),Rp 225.000.000
[OLXmobbi] Toyota Kijang Innova 2.4 V Solar-AT 2017 Putih (KKB),Rp 321.000.000
Di jual granmax minibus 1.3 2017,Rp 125.000.000
Tensioner Idle pulley Nissan X-Trail T30 / Serena C24,Rp 100.000
Honda Grand Civic 1991 Bensin,Rp 40.000.000
Tutup Radiator D1 Spec 1.1 dengan termometer,Rp 45.000
Mitsubishi Pajero Sport 2010 Diesel,Rp 200.000.000
Toyota Kijang Grand Extra 1.8 thn 95 Long Mulus Antik,Rp 55.000.000
Kijang LGX 2001,Rp 75.000.000
Jual Nissan X-Trail 2.0 AT 2014,Rp 153.000.000
Jual velg oem brio kondisi 80%,Rp 1.300.000
[VIP Dealer] Mitsubishi Pajero Dakar 4x4 2013,Rp 290.000.000
[VIP Dealer] Mazda 2 GT AT 2020,Rp 240.000.000
[OLXmobbi] Suzuki Ignis 1.2 GX AGS Bensin-AT 2019 Merah (ZMI),Rp 131.000.000
[OLXmobbi] Wuling Almaz RS 1.5 T EX 7 Seater AT 2021 Merah (EZD),Rp 231.000.000
[OLXmobbi] Toyota Calya 1.2 G Bensin-AT 2019 TYT,Rp 130.000.000
[OLXmobbi] Honda BR-V 1.5 Prestige Bensin-AT 2021 UZJ,Rp 251.000.000
"[OLXmobbi] TDP 5,JT Toyota Calya 1.2 G Bensin Silver 2016",Rp 94.000.000
HRV S CVT 2017 Low KM,Rp 183.000.000
[OLXmobbi] Toyota Vios 1.5 G Bensin-AT 2014 Silver (PAG),Rp 129.000.000
promo ramadhan kaca film 3m black beuty full,Rp 1.100.000
Honda Jazz 2009 Bensin,Rp 117.500.000
Toyota Fortuner TRD 2012 Putih,Rp 225.000.000
TOYOTA FORTUNER 2014,Rp 260.000.000
Ban GT radial 265/50 R20 2021 2pcs,Rp 950.000
"yaris,2008 matic,",Rp 100.000.000
DIJUAL TANPA PERANTARA MOBIL FOODTRUCK FOTON 2011 FULL KITCHEN SET,Rp 55.000.000
Wrapping Sticker / Stiker full body mobil,Rp 3.000.000
Vacum mobil wireless,Rp 150.000
Honda HR-V S CVT 2017,Rp 187.000.000
Mazda 2 2012 Bensin,Rp 90.000.000
Kasur Angin Mobil,Rp 285.000
"KIA SONET DYNAMIC 1.5 AT 2021 Low KM 67rban, RECORD BANDUNG",Rp 225.000.000
[OLXmobbi] Suzuki Ignis 1.2 GX AGS Bensin-AT 2019 Merah (ZMI),Rp 131.000.000
[OLXmobbi] Wuling Almaz 1.5 Exclusive 7-Seater Bensin Abu 2019,Rp 185.000.000
[OLXmobbi] Toyota Yaris 1.5 TRD Sportivo Bensin-MT 2021 TRE,Rp 225.000.000
[OLXAutos] TOYOTA VIOS 1.5 G BENSIN A/T 2021 HITAM,Rp 219.000.000
[OLXmobbi] Toyota Sienta 1.5 Q Bensin-AT 2017 PIH,Rp 175.000.000
[OLXmobbi] Honda Jazz 1.5 rs bensin 2019 Abu (TYV),Rp 225.000.000
Honda CRV Turbo Prestige,Rp 365.000.000
[OLXmobbi] Toyota Avanza 1.5 Veloz Bensin-AT 2021 Hitam,Rp 207.000.000
TOYOTA C-HR HYBRID 2020 Abu,Rp 446.200.000
Rush S TRD matic 2019 hitam || 2020,Rp 209.500.000
Nissan Serena 2014 Bensin,Rp 140.000.000
BMW E46 318i 2000,Rp 95.000.000
Honda Freed 2011 Bensin,Rp 148.000.000
Toyota Supra GR 3.0 AT Tahun 2020,Rp 1.900.000.000
Honda Brio Satya E Matic 2019,Rp 155.000.000
"Velg Racing mobil Ring 18/6/139,7 Lebar 9,5/20 Lenso ori thailand",Rp 12.000.000
Velg Oem Yaris ring15,Rp 2.500.000
TDP.185JT! JEEP WRANGLER 2.8L DIESEL 2013,Rp 985.000.000
Proton Exora 2015 Bensin,Rp 84.000.000
Toyota Alphard 2014 Bensin,Rp 294.000.000
[OLXmobbi] Suzuki Ignis 1.2 GX AGS Bensin-AT 2019 Merah (ZMI),Rp 131.000.000
[OLXmobbi] TOYOTA FORTUNER 2.5 G SOLAR A/T 2014 HITAM,Rp 295.000.000
[OLX AUTOS] Toyota Calya 1.2 G Bensin-AT 2017 FZL,Rp 103.000.000
[OLXmobbi] Toyota Agya 1.2 G Bensin-AT 2018 8OK,Rp 120.000.000
[OLXmobbi] NISSAN TERRA 2.5 4x2 VL SOLAR A/T 2018 PUTIH,Rp 340.000.000
Cash innova reborn tipe V bensin AT tahun 2015/2016 rawatan,Rp 229.000.000
BRV E PRESTIGE AT PUTIH,Rp 192.000.000
Mitsubishi pajero sport dakar at 2019,Rp 425.000.000
Tdp 3jt | DATSUN GO PANCA D MT 2019 LOW KM 6rb!!,Rp 90.000.000
Toyota Avanza Veloz Q CVT 2023,Rp 274.000.000
"Velg Racing mobil Ring 18 Hole 6/139,7 Lebar 9 Lenso MAX 08 ori",Rp 12.000.000
TOYOTA NAV 1 G 2.0 AT 2016,Rp 175.000.000
Suzuki Ertiga 2015 Bensin,Rp 125.000.000
"Nissan Xtrail 2,5 Matic Tahun 2017 Kondisi Mulus Terawat Istimewa",Rp 235.000.000
Velg SSR Type C Ring 17 (4x100-114),Rp 6.000.000
"Velg Racing mobil Ring 18 Hole 6/139,7/9/20 Lenso TDS ori Thailand",Rp 14.000.000
TOYOTA AVANZA G 1.3 MT 2012,Rp 105.000.000
Toyota Alphard X CBU 2014,Rp 294.000.000
"Velg racing mobil Ring 18 hole 6 /139,7 Lebar 9/12 Kmc Messa ori",Rp 20.000.080
Kaca film mobil&Gedung 24jam,Rp 250.000
[OLXmobbi] Suzuki Ignis 1.2 GX AGS Bensin-AT 2019 Merah (ZMI),Rp 131.000.000
[OLXmobbi] Nissan Livina 1.5 X-Gear Bensin-MT 2014 KRO,Rp 95.000.000
[OLXAutos] KIA PICANTO 1.2 BENSIN M/T 2014 ABU-ABU,Rp 91.000.000
[OLXmobbi] Daihatsu Ayla 1.2 R Bensin-MT 2018 EYJ,Rp 92.000.000
[OLXAutos] MAZDA BIANTE 2.0 BENSIN A/T 2017 PUTIH,Rp 242.000.000
BMW 528i Luxury Thn 2015,Rp 415.000.000
Dijual Honda Freed SD 2012 low KM !!,Rp 149.000.000
[OLXmobbi] Daihatsu Terios 1.5 r deluxe bensin 2019 Silver (BI),Rp 185.000.000
Peugeot 3008 2014 Panoramic TIPE PALING LENGKAP PLAT D BANDUNG,Rp 165.000.000
Kaca film mobil dan gedung,Rp 350.000
"Alarm, central lock, audio",Rp 325.000
KM 77rb Ford Fiesta 1.4 Trend AT 2012 Matic istimewa 2013,Rp 78.000.000
Toyota Calya 1.2 G Autometic,Rp 117.500.000
Toyota Calya Manual 2019 Dp 7jt,Rp 105.000.000
Bmw 435i coupe white on red ( Favorite ),Rp 925.000.000
MITSUBISHI NEW XPANDER 1.5 CROSS PLUS AT MATIC 2023 HITAM KM 12 RIBU,Rp 287.500.000
"Velg racing mobil Ring 18/6/139,7 Lebar 9/0  KMC Impact orisinil",Rp 20.000.000
Ford Fiesta 2011 White BU,Rp 68.500.000
Towing arb baru,Rp 475.000
Ban bekas fortuner,Rp 200.000
[OLXmobbi] Honda CR-V 1.5 Turbo Bensin-AT 2019 Abu-Abu,Rp 327.000.000
[OLXmobbi] Toyota Fortuner 2.4 4x2 VRZ Solar-AT 2017 860,Rp 341.000.000
[OLXmobbi] TOYOTA AGYA 1.0 E BENSIN M/T 2015 PUTIH,Rp 88.000.000
[OLXmobbi] Honda HR-V 1.5 E Bensin-AT 2016 BKY,Rp 177.000.000
[OLXmobbi] NISSAN LIVINA 1.5 VL BENSIN A/T 2019 MERAH,Rp 202.000.000
[OLXmobbi] Daihatsu Sigra 1.2 X Bensin-AT 2019 Silver(UKU),Rp 106.000.000
Murah !! BMW 320i F30 LCI 16/17 Plat D pjk 1 tahun full No PR !!,Rp 375.000.000
[OLXmobbi] Daihatsu Terios 1.5 r deluxe bensin 2019 Silver (BI),Rp 185.000.000
Sirion D 2017 MT TDP 5JT,Rp 121.000.000
"Velg Racing mobil Ring 17 Hole 5/114,3 Lebar 8/40 Enkei SC50",Rp 17.500.000
Brio 2016 MT Antik Low KM,Rp 120.000.000
[VIP Dealer] Honda CRV 1.5 Turbo Prestige CVT Sensing 2021,Rp 460.000.000
Velg Euroline R18,Rp 4.500.000
| head unit android honda crv turbo | hirodio pro 8g 2k 2000x1200px |,Rp 8.350.000
Suzuki SX4 2011 Bensin,Rp 119.000.000
| Hurricane xcs competition | stabilizer voltage | mobil up 1500cc |,Rp 15.000.000
Jual Cepat murah ! Raize GR two tone 2023 Bensin,Rp 247.000.000
| Paket audio sq minimalist 4jtan suara 10jt an |murah suara wah mewah,Rp 4.650.000
Low KM40rb || All New YARIS E MATIC 2016 || anm,Rp 149.000.000
[OLXmobbi] Honda Brio 1.2 RS Bensin-AT 2017 9PG,Rp 145.000.000
[OLXmobbi] Suzuki Ertiga 1.4 GL Bensin-AT 2014 SIO,Rp 128.000.000
[OLXmobbi] HONDA FREED 1.5 S BENSIN A/T 2014 PUTIH,Rp 179.000.000
[OLXmobbi] Toyota Agya 1.2 TRD Sportivo Bensin-AT 2018 797,Rp 112.000.000
Toyota Rush 2020 promo bca bunga 7%,Rp 200.000.000
TERIOS R AT 2016 HITAM,Rp 164.000.000
Honda Mobilio E CVT 2020 Putih TdP Murmer Ori Menarik Bu Antik Baru Ok,Rp 157.000.000
[OLXmobbi] HONDA CR-V 1.5 TURBO BENSIN-AT 2018,Rp 347.000.000
Suzuki Katana 1986 Bensin,Rp 72.000.000
Honda brio 1.2 E cvt 2016,Rp 125.000.000
| Penghemat bbm | tenaga responsif jdi efesien bbm | hurricane xcs7 |,Rp 3.800.000
Honda MOBILIO RS CVT 2014 APIK MULUS,Rp 132.000.000
"Toyota Yaris S 2009 M/T full Original luar dalam, KM Rendah, (",Rp 130.000.000
SPIN 2013 otomatis,Rp 95.000.000
"TDP 5 jt AGYA G 1.2 AT 2018, Exlusive",Rp 118.000.000
TDP 10jt! Ertiga Sport AT 2019. Garansi 1 Tahun,Rp 161.000.000
DP17JUTA || New RUSH TRD MANUAL 2016 || anm,Rp 167.000.000
"Toyota Alphard Asg matic 2006/2007 mrh 2008 Tt Avanza 2009, 2010 2005",Rp 125.000.000
Toyota Alphard 2.4 X - 2012,Rp 240.000.000
[OLXmobbi] Honda CR-V 1.5 Turbo Bensin-AT 2019 Abu-Abu,Rp 327.000.000
[OLXmobbi] DAIHATSU XENIA 1.3 X STD BENSIN M/T 2014 SILVER,Rp 116.000.000
[OLXmobbi] Daihatsu Xenia 1.3 R Deluxe Bensin-MT 2014 KGW,Rp 121.000.000
[OLXmobbi] Toyota Avanza 1.5 New Veloz Q TSS Bensin-AT 2021 Hitam,Rp 240.000.000
[OLXmobbi] Suzuki Baleno 1.5 Bensin-AT 2022 Abu,Rp 230.000.000
Mercedes benz cla200 2014 siap pakai kakak,Rp 325.000.000
[OLXmobbi] Suzuki Baleno 1.4 Bensin-AT 2019 Abu (JJ),Rp 169.000.000
DP 8JT Brio at matic,Rp 100.000.000
[OLXmobbi] Toyota Rush 1.5 G Bensin-AT 2017 Hitam (FZK),Rp 151.000.000
DAIHATSU XENIA 2012,Rp 93.000.000
| Paket Audio SQ | Subwoofer gramond | speaker gramond | power venom |,Rp 9.750.000
Daihatsu Ayla 2022,Rp 98.000.000
Hyundai Stargazer X,Rp 300.000.000
L300 Box Alumunium  Thn 2012 mulus Ada AC,Rp 107.000.000
Toyota Agya G MT 2014 Setangan dari Baru,Rp 83.950.000
"Jual Like New Toyota 86 FT A/T 2.0 Merah 2020, Low Km",Rp 730.000.000
520i Pajak hidup low km,Rp 69.000.000
Mitsubishi Colt diesel PS 100 th 2003,Rp 85.000.000
"Dijual cepat pelek original Honda baut 4 jual cepat 1,9jt aja",Rp 1.900.000
Land Rover Series 2A 71 Safari Top,Rp 250.000.000
[OLXmobbi] Honda CR-V 1.5 Turbo Bensin-AT 2019 Abu-Abu,Rp 327.000.000
[OLXmobbi] Daihatsu Ayla 1.0 X Bensin-MT 2016 SKJ,Rp 87.000.000
[OLXmobbi] Toyota Yaris 1.5 G Bensin-AT 2016 BKK,Rp 162.000.000
[OLXmobbi] Honda City 1.5 E Bensin-AT 2017 0DC,Rp 202.000.000
[OLXmobbi] Honda Mobilio 1.5 E Bensin-MT 2014 Putih,Rp 112.000.000
Toyota Vios 1.5 G MT 2011 TDP 5 juta,Rp 89.000.000
Jual Toyota Rush Type G Tahun 2020 Matic Hitam,Rp 235.000.000
Mazda CX-5 Grand Touring FL/AT 2015,Rp 247.500.000
HRV E MATIC DP MINIM,Rp 208.000.000
Toyota Soluna 2002,Rp 54.500.000
Peredam mobil mantap,Rp 3.200.000
Jual cash toyota kijang innova G V Q Venturer 2.0 bensin automatic,Rp 298.000.000
Velg hsr RAI-s1 ring 15 lubang 5 100/114 lbr 6.5 ban masi tebel semua,Rp 3.800.000
Honda Civic 91 Jooosss,Rp 65.000.000
Hyundai Stargazer 2023 Bensin,Rp 245.000.000
Mitshubishi xpander cros premium matic 2019,Rp 225.000.000
Honda HR-V 2023 Bensin,Rp 360.000.000
ban copotan Dunlop Enasave 185/65/15 kondisi 60 %,Rp 800.000
Honda Odyssey 2008,Rp 168.000.000
Velg Volkrays Zenraeng R18,Rp 4.750.000
[OLXmobbi] Toyota Agya 1.0 G Bensin-MT 2016 TKO,Rp 102.000.000
[OLXmobbi] Toyota Rush 1.5 S GR Sport Bensin-MT 2023 Hitam,Rp 260.000.000
[OLXmobbi] Toyota Rush 1.5 S Bensin-AT 2013 Hitam,Rp 128.000.000
[OLXmobbi] Honda HR-V 1.5 E Bensin-AT 2016 Abu,Rp 195.000.000
[OLXmobbi] TOYOTA SIENTA 1.5 Q BENSIN-AT 2016,Rp 164.000.000
Low Kilometer 30 ribu DP15JT || TERIOS TX MANUAL 2014 || anm,Rp 145.000.000
Honda Freed PSD 2012,Rp 147.000.000
[OLX AUTOS] Toyota Kijang Innova 2.0 V Bensin-MT 2013 ZFK,Rp 151.000.000
TOYOTA YARIS 1.5 TRD SPORTIVO BENSIN 2018,Rp 195.000.000
Chevrolet trax 2018 ltz premiere tertinggi antik,Rp 175.000.000
Kamera mundur innova dab type lainnya,Rp 320.000
Toyota Calya 2016 Bensin,Rp 93.500.000
Suzuki Katana GX 1996 4x2 Mulus 100% Gagah Macho di Bekasi,Rp 74.000.000
Stomplamp belakang innova 2005-2015,Rp 540.000
Innova Reborn 2.0 V A/T 2018,Rp 290.000.000
Suzuki Baleno 2006 Matic stimewa,Rp 62.500.000
Mercy W212 E250 Avantgarde AMG (CGI),Rp 294.000.000
Mobil kijang super tahun 95,Rp 38.000.000
Dudukan spion innova 2004-2015,Rp 250.000
Over Kredit Brio E/MT 2021,Rp 140.000.000
[OLXmobbi] Toyota Agya 1.0 G Bensin-MT 2016 TKO,Rp 102.000.000
[OLXmobbi] Suzuki SX4 1.5 S-Cross Bensin-AT 2018 Abu,Rp 162.000.000
[OLXmobbi] Toyota Yaris 1.5 TRD Sportivo Bensin-AT 2018 Abu,Rp 193.000.000
[OLXmobbi] Suzuki Baleno 1.3 Bensin-AT 2021 Putih,Rp 199.000.000
[OLXmobbi] Honda Brio Satya 1.2 E Bensin-AT 2019 Kuning,Rp 143.000.000
[OLXmobbi] DAIHATSU SIGRA 1.2 R AT DELUXE EOT,Rp 90.000.000
TOYOTA YARIS S 1.5 A/T 2021 BENSIN KUNING,Rp 233.000.000
Toyota Yaris 2006 Bensin,Rp 94.000.000
Discovery 4 hitam,Rp 1.350.000.000
Toyota Calya E mt,Rp 105.000.000
Alphard G 2011 matic antik record,Rp 225.000.000
Baru 66rban Km Mazda 2 R A/T ( Matic ) 2017 Putih Mulus Siap Pakai,Rp 170.000.000
Chevrolet Trax 1.4 Turbo Premier 2018,Rp 185.000.000
Daihatsu Ayla 2013 Bensin,Rp 75.000.000
Mitsubishi Pajero Sport 2013 Diesel,Rp 200.000.000
KM 20.000!! Honda Brio E 2019 AT,Rp 155.000.000
Cuma 2rban Km Honda Civic Turbo RS AT ( Matic ) 2023 Putih Like New,Rp 505.000.000
Velg crv hrv innova xtrail serena terios r18 camry,Rp 2.400.000
TOYOTA SIENTA 2016,Rp 160.000.000
"Daihatsu XENIA D 1.0 Manual 2014 Low KM 50rban, ISTIMEWA BANDUNG",Rp 107.000.000
[OLXmobbi] Toyota Agya 1.0 G Bensin-MT 2016 TKO,Rp 102.000.000
[OLX Mobbi] Toyota Kijang Innova 2.0 G Bensin-AT 2017 BOI,Rp 234.000.000
[OLXmobbi] Mazda 2 1.5 R Skyactiv Bensin-AT 2014 Merah,Rp 159.000.000
[OLX Mobbi] Nissan Grand livina 1.5 XV Ultimate Bensin-AT 2010 WMA,Rp 100.000.000
Toyota Agya 1.2 G AT 2018 Putih,Rp 120.000.000
[OLXmobbi] TOYOTA YARIS S TRD 7AB 2020 Putih (TIU),Rp 216.000.000
Mercedez Benz B180 Panoramic Tahun 2011 Matic Silver,Rp 139.000.000
[OLXmobbi] Mazda 2 1.5 R Skyactiv Bensin-AT 2016 Silver (UIK),Rp 177.000.000
Baru 99rban Km Daihatsu Sirion RS MT ( Manual ) 2013 Putih Mulus,Rp 82.000.000
Honda jazz s mt antik tangan pertama dr baru,Rp 124.000.000
Honda Jazz Rs Cvt 2019 low kilometer,Rp 248.000.000
honda jazz s 2009 manual antik banget,Rp 99.500.000
Honda HR-V E CVT 2018,Rp 230.000.000
Mitsubishi Pajero Dakar 4x4 AT 2014 cash/kredit,Rp 330.000.000
Mercedes Benz w124 230e,Rp 62.000.000
Brio E 2019 automatic low km 20.xxx,Rp 155.000.000
Nissan March 2016 Bensin,Rp 160.000.000
[OLX Mobbi] Daihatsu Rocky 1.2 X Bensin 2021 KZO,Rp 168.000.000
[OLX Mobbi] Toyota Agya 1.0 G Bensin-AT 2013 KZD,Rp 79.000.000
[OLX Mobbi] Daihatsu Sigra 1.2 R Deluxe Bensin-AT 2016 KFB,Rp 95.000.000
[OLX Mobbi] Honda CR-V 2.4 Bensin-AT 2012 8MF,Rp 132.000.000
[OLXmobbi] Honda Brio Satya 1.2 E Bensin-AT 2020 Abu (BA),Rp 150.000.000
Xpander Cross 2021 Pribadi,Rp 247.000.000
Honda Civic 2017 Promo MARET HAPPY  Promo langsung LOGAM MULIA,Rp 335.000.000
[OLXmobbi] Nissan Serena 2.0 X Bensin-AT 2017 Putih (SZW),Rp 164.000.000
MITS.L300 (PICK UP) Solar,Rp 165.000.000
Mobil Golf (Golfcar),Rp 60.000.000
Ban ring 15 bekas,Rp 800.000
Mercedes W220 S320L 00 Sunroof Istimewa,Rp 95.000.000
Honda CR-V 2016 Bensin,Rp 310.000.000
Peugeot 407 SW AT 06 Rare,Rp 98.000.000
Toyota vellfire,Rp 270.000.000
Vw Sciroco 2.0 R Tahun 2013,Rp 635.000.000
Honda hrv se matic 2018 abu abu,Rp 225.000.000
HONDA CIVIC 1.8 Facelift model Th 2009 TGN 1,Rp 130.000.000
SUV MACHO KEREN !! RUSH S 1.5 MATIC 2010. TIPE TERTINGGI & SIAP PAKAI,Rp 123.000.000
[OLX Mobbi] Toyota Avanza 1.3 G Bensin-AT 2017 BOH,Rp 137.000.000
[OLX Mobbi] Daihatsu Ayla 1.2 R Bensin-AT 2021 2NN,Rp 126.000.000
[OLXmobbi] Toyota Kijang Innova 2.0 V Bensin-AT 2021 TRH,Rp 343.000.000
[OLXmobbi] Toyota Calya 1.2 G Bensin-AT 2022 DKC,Rp 147.000.000
[VIP Dealer] INNOVA 2.0 G AT 2019 UNIT ISTIMEWA,Rp 258.000.000
Tdp 3jt | DATSUN GO PANCA D MT 2019 LOW KM 6rb!!,Rp 90.000.000
[OLXmobbi] Toyota Avanza 1.5 New Veloz Bensin-MT 2023 Putih (FBE),Rp 252.000.000
Toyota Kijang Innova 2.0 q venturer bensin 2017 Hitam,Rp 308.400.000
Nissan March 2011 Bensin,Rp 75.000.000
Honda HRV E cvt 2017,Rp 205.000.000
Toyota Corolla 1997 Bensin Type S-Cruise,Rp 50.000.000
Honda HR-V 2018 Bensin,Rp 245.000.000
New Calya 1.2 G AT 2019,Rp 125.500.000
BAN 245/45 R20 PIRELLI SCORPION VERDE,Rp 1.500.000
KIA Carens 1 Istimewa,Rp 40.700.000
Mitsubishis Pajero 3000cc V6 1995,Rp 200.000.000
Honda city z tahun 2000,Rp 50.000.000
Toyota Kijang Innova V Diesel,Rp 278.000.000
Toyota Camry 2007 Bensin,Rp 75.000.000
[OLXmobbi] Nissan Grand livina 1.5 SV Bensin-MT 2012 WGZ,Rp 73.000.000
[OLXmobbi] Suzuki SX4 1.5 S-Cross Bensin-AT 2022 FKI,Rp 239.000.000
[OLXmobbi] Daihatsu Terios 1.5 R Deluxe Bensin-AT 2018 1TI,Rp 195.000.000
[OLX Mobbi] Honda BR-V 1.5 Prestige Bensin-AT 2021 UZJ,Rp 234.000.000
TOYOTA AVANZA 1.5 VELOZ AT MATIC 2018 SILVER KM 106 RIBU,Rp 147.500.000
NISSAN MARCH 1.2 XS AT AUTOMATIC  TERAWAT JARANG  PAKAI,Rp 104.500.000
Toyota Kijang Innova 2.4 V Diesel Matic 2022,Rp 398.000.000
Dijual MURAH PAJAK PANJANG 2025,Rp 79.900.000
Toyota Vellfire 2.4L Z Golden Eye CBU AT 2014,Rp 385.000.000
HONDA JAZZ RS CVT 1.5 HITAM 2019 BANDUNG MATIC,Rp 248.000.000
Dinamo Stater BMW E39,Rp 1.200.000
BMW 318i 1990 Bensin,Rp 65.000.000
Mitsubishi Pajero Sport 2022,Rp 525.000.000
Di jual apa ada nya Mazda 2,Rp 30.000.000
BAN 215/55 R18 CONTINENTAL CONTIPREMIUM CONTACT 2,Rp 1.200.000
Honda Civic 2008 Bensin,Rp 156.000.000
Ban Michelin Pilot Sport‚Åµ 225/45 R18,Rp 4.250.000
Toyota Dyna 110ST Bak Engkel 2007 TT Blindvan,Rp 105.000.000
Headrest sandaran kepala,Rp 175.000
[OLXmobbi] Toyota Agya 1.0 G Bensin-MT 2016 TKO,Rp 102.000.000
[OLX AUTOS] Toyota Agya 1.2 G Bensin-MT 2017 TZC,Rp 107.000.000
[OLX AUTOS] Honda Mobilio 1.5 E Bensin-AT 2016 KIJ,Rp 118.000.000
[OLX AUTOS] Toyota Avanza 1.5 Luxury Veloz Bensin-AT 2014 EKX,Rp 117.000.000
[OLX AUTOS] Honda Brio 1.2 RS Bensin-AT 2017 9PG,Rp 131.000.000
Toyota alphard G atpm 2014,Rp 360.000.000
[OLXmobbi] Nissan Livina 1.5 VE Bensin-AT 2019 Silver (UKW),Rp 185.000.000
[ DP 10jt ] KM Low Honda BRV Prestige Sensing 2022 Original #aobe,Rp 248.000.000
[ DP 8juta ] KM5rb Hyundai Stargazer Prime Style 2023 Original #aobe,Rp 228.000.000
"Toyota YARIS JOKER TRD 1.5 AT 2019 Low KM 18rban, RECORD TOYOTA BDG",Rp 218.000.000
Nissan Xtrail 2.5 Automatic 2010 Siap pakai,Rp 90.000.000
[VIP Dealer] Daihatsu Rocky R Turbo 2021 Matic,Rp 205.000.000
Karpet untuk mobil Mercedes benz.,Rp 700.000
Mercedes-Benz Cla200 1.6 Tahun 2014,Rp 380.000.000
"Di jual mobil peugeot type 206 MT, plat D Bandung",Rp 38.000.000
Timing belt Honda Civic Stream 1.7 VTi,Rp 250.000
Filter udara Open filter 3 inch,Rp 150.000
Tdp 10 jta Honda Jazz Rs at thn 2019 km 35rb,Rp 248.000.000
Timing belt Honda Accord tahun 2000-2002,Rp 250.000
Suzuki Futura 2001 Bensin,Rp 43.000.000
[OLXmobbi] Toyota Agya 1.0 G Bensin-MT 2016 TKO,Rp 102.000.000
[OLX AUTOS] Toyota Kijang Innova 2.0 Q Venturer Bensin-AT 2017 KFK,Rp 275.000.000
[OLX AUTOS] Toyota Sienta 1.5 V Bensin-MT 2017 KFT,Rp 158.000.000
[OLX AUTOS] Daihatsu Xenia 1.3 R Deluxe Bensin-MT 2014 KGW,Rp 110.000.000
[OLXmobbi] Daihatsu Xenia 1.3 X Bensin-MT 2015 KVJ,Rp 114.000.000
Nissan Xtrail 2.0 CVT 2014 KM 97 rb AT,Rp 142.000.000
Fortuner 2.4  VRZ 4x2 Diesel 2018,Rp 385.000.000
Honda Jazz VTEC 2007 Bensin,Rp 105.000.000
Alphard CBU 2.4 Automatic 2007 terawat,Rp 154.500.000
Speed sensor Toyota Great All New 1600cc,Rp 450.000
TOYOTA RUSH S MT 1.5 SILVER 2018 BANDUNG MANUAL,Rp 185.000.000
DP Murah Honda Mobilio RS Matic 2017 Istimewa Low KM E 2018 2016 Putih,Rp 155.000.000
Daihatsu Taruna (2000),Rp 55.000.000
List body pintu Toyota Inova thn04-11,Rp 300.000
List body pintu Nissan Livina thn07-12,Rp 300.000
KM Low Nissan March XS 1.2 2018 Matic #aobe,Rp 128.000.000
Toyota Alphard 2010 Bensin,Rp 265.000.000
List body pintu Jazz RS S thn08-13 merk JSL,Rp 300.000
"Toyota Sienta Matic, Kondisi Prima, low kilometer, OKE banget",Rp 168.000.000
Honda Accord 2017 Bensin,Rp 283.000.000
[OLXmobbi] Toyota Agya 1.0 G Bensin-MT 2016 TKO,Rp 102.000.000
[OLX AUTOS] Toyota Yaris 1.5 G Bensin-AT 2016 BKK,Rp 151.000.000
[OLX AUTOS] Nissan Grand livina 1.5 XV Bensin-MT 2017 0PP,Rp 116.000.000
[OLX AUTOS] Honda Brio Satya 1.2 E Bensin-MT 2015 7ND,Rp 106.000.000
[OLX AUTOS] Honda Mobilio 1.5 E Prestige Bensin-AT 2014 SIE,Rp 124.000.000
[OLXmobbi] Toyota Rush 1.5 GR Sport Bensin-AT 2023 Hitam (ROI),Rp 260.000.000
GRAND LIVINA X-GEAR MANUAL 2016,Rp 125.000.000
YARIS S 1.5 TRD Manual 2019,Rp 192.000.000
Suzuki Carry Pick-Up (2019) NEGO di lokasi,Rp 89.990.000
Toyota Avanza E Manual (2015),Rp 108.000.000
Suzuki Ertiga 2019 Bensin,Rp 167.000.000
Velg ring 18 vorsteiner,Rp 6.500.000
Velg ring 20 DPE ccok untuk camry accord dll,Rp 5.800.000
Velg ring 18 TE38,Rp 6.500.000
Suzuki APV Arena 2012 Bensin,Rp 93.000.000
"HRV SE 1.5 AT 2022 Low KM 14rban, RECORD HONDA BANDUNG",Rp 288.000.000
Velg ring 20 milano ccok untuk crv alphard dll,Rp 7.800.000
BMW M135i 2021 White On Black,Rp 1.175.000.000
Velg ring 18 venom ccok untuk inova rush terios dll,Rp 6.800.000
Velg lexus ring 18 rx200,Rp 6.900.000
[OLXmobbi] Toyota Avanza 1.3 G Bensin MT 2016 Hitam (SKO),Rp 117.000.000
[OLX AUTOS] Honda Mobilio 1.5 E Bensin-MT 2014 KZN,Rp 117.000.000
[OLX AUTOS] Toyota Avanza 1.5 G Bensin-MT 2023 KU,Rp 213.000.000
[OLXmobbi] Honda Brio 1.2 RS Bensin-MT 2019 Abu (TYZ-),Rp 160.000.000
[OLX AUTOS] Honda BR-V 1.5 E Prestige Bensin-AT 2017 TOC,Rp 164.000.000
TOYOTA KIJANG GRAND INNOVA G AUTOMATIC 2013 SIAP MUDIK,Rp 139.000.000
DP 8JT FREED SD,Rp 115.000.000
XL 7 GX ALPHA Matic 2022,Rp 227.000.000
[OLXmobbi] Honda Mobilio 1.5 RS Bensin-AT 2016 Hitam (PYJ),Rp 148.000.000
Toyota Fortuner 2011 Diesel,Rp 188.000.000
Grand livina 1.5 SV At  2013 Facelift Low Km,Rp 120.000.000
Velg ring 18 te37,Rp 6.800.000
Velg ring 18 pajero fortuner,Rp 6.800.000
Velg ring 20 pajero fortuner,Rp 9.800.000
Velg ring 19 auto speed,Rp 7.300.000
Velg ring 20 mercy,Rp 8.500.000
Suzuki Karimun Wagon R GL 2015,Rp 76.500.000
Velg ring 18 vossen,Rp 6.500.000
Velg pajero fortuner R18,Rp 6.700.000
Jual grill Inova Reborn copotan,Rp 600.000
[OLXmobbi] Toyota Avanza 1.3 G Bensin MT 2016 Hitam (SKO),Rp 117.000.000
[OLX AUTOS] Suzuki Baleno 1.4 Bensin-AT 2020 1MP,Rp 177.000.000
[OLX AUTOS] Daihatsu Sirion 1.3 D Bensin-AT 2018 4RX,Rp 146.000.000
[OLX AUTOS] Toyota Vios 1.5 G Bensin-AT 2019 PAJ,Rp 157.000.000
[OLXmobbi] Honda Jazz 1.5 rs bensin 2019 Hitam (TYJ-),Rp 243.000.000
Dijual Grand Escudo 2005 V6 Istimewa,Rp 82.000.000
Cash/TT hilux revo 4x4 double cabin diesel mt tuker tambah fortuner,Rp 315.000.000
[OLXmobbi] Suzuki Ertiga 1.5 GX Hybrid-AT 2022 Abu [LowKM] (KZW),Rp 235.000.000
"Camry Hybrid, siap pakai, no fault/ error",Rp 195.000.000
Honda BRIO E AT'2014 ( D) Prima,Rp 116.000.000
[VIP Dealer] Toyota Fortuner VRZ TRD 2019 Matic Solar,Rp 430.000.000
Tdp 0 Daihatsu Xenia R Sporty 1.3 AT 2013 murah,Rp 99.000.000
Dijual Toyota Innova Venturer AT Tahun 2022,Rp 490.000.000
Carry 1.5 GRV Mt 2001 Istimewa,Rp 53.000.000
Jual lampu bagasi Inova reborn copotan,Rp 300.000
AGYA 2022 Pemakaian 2023 Like New,Rp 138.000.000
Toyota Agya (2022),Rp 159.000.000
VRZ 2016 DIESEL MATIC,Rp 340.000.000
Jual lampu headlamp Inova Reborn BU (kiri),Rp 650.000
Toyota Avanza Veloz Low Km,Rp 135.000.000
[OLXmobbi] Toyota Avanza 1.3 G Bensin MT 2016 Hitam (SKO),Rp 117.000.000
[OLXmobbi] Honda Brio Satya 1.2 E Bensin-AT 2023 Hitam,Rp 176.000.000
[OLXmobbi] Toyota Kijang Innova 2.0 V Bensin-MT 2014 Hitam,Rp 175.000.000
[OLXmobbi] Toyota Sienta 1.5 E Bensin-MT 2018 Silver,Rp 157.000.000
[OLX AUTOS] Mitsubishi Xpander 1.5 Sport Bensin-AT 2018 PFH,Rp 192.000.000
Toyota Calya 1.2 G matic 2017 km low kondisi istimewa murah bro,Rp 114.500.000
Audi R8 V8 2010,Rp 1.700.000.000
Toyota veloz matic 2019 bulan 12,Rp 199.000.000
[Mobil Baru] xpander,Rp 263.300.000
Sigra 1.2 X At  2017 Hitam,Rp 110.000.000
BMW X3  Drive 35I at 2012 putih mewah,Rp 279.000.000
BAN DUNLOP LM705 R16,Rp 700.000
Kijang krista 2001 mt,Rp 95.000.000
Pendingin /Penghangat makanan di mobil Mobicool T07 DC masih spt baru,Rp 450.000
Honda HR-V 2016 Bensin,Rp 187.500.000
VELG KALENG  ring 14,Rp 125.555
Daihatsu Gran max 2015 Bensin,Rp 82.000.000
Mitsubishi Pajero Sport 2019 Diesel,Rp 459.000.000
Toyota Voxy 2.0 AT / 2019,Rp 395.000.000
Peugeot 207 Matic,Rp 75.000.000
[OLXmobbi] Toyota Avanza 1.3 G Bensin MT 2016 Hitam (SKO),Rp 117.000.000
[OLXmobbi] Datsun Go Panca 1.2 T Bensin-MT 2016 NOW,Rp 73.000.000
[OLXmobbi] Suzuki Karimun Wagon R 1.0 GS Bensin-AT 2015 TMU,Rp 83.000.000
[OLXmobbi] Suzuki Ertiga 1.5 GX Hybrid-AT 2023 EZS,Rp 205.000.000
[OLXmobbi] Toyota Agya 1.2 TRD Sportivo Bensin-AT 2018 797,Rp 112.000.000
Karimun wagon R GX 2014 istimewa,Rp 75.998.900
[OLXmobbi] Suzuki Ertiga 1.4 GX Bensin-MT 2018 Putih (FZZ),Rp 151.000.000
Toyota Rush 2022 Bensin,Rp 240.000.000
HONDA HR-V 1.5 E BENSIN-AT 2020,Rp 266.000.000
KIA Sportage 2012,Rp 135.000.000
Toyota Kijang Innova 2021 Diesel,Rp 430.000.000
Toyota Innova G 2.0 AT 2016 Hitam Istimewa Record LOw Km,Rp 225.000.000
Toyota Alphard 2.4 G Atpm Tahun 2016,Rp 785.000.000
"Rush trd 2021/nik 2020, at, bronze coklat,tgn 1 pemilik lgsg, 225jt",Rp 219.500.000
Velg terios ring 16 plus ban,Rp 4.000.000
Daihatsu Ayla 2022 Bensin,Rp 155.000.000
R16 185 55 bridgestone turanza 2pcs,Rp 900.000
Daihatsu Ayla X MT 2017,Rp 83.000.000
Alphard 2.5 G 2015,Rp 635.000.000
R17 265 65 bridgestone dueler ht 4pcs,Rp 2.500.000
[OLXmobbi] Toyota Avanza 1.3 G Bensin MT 2016 Hitam (SKO),Rp 117.000.000
[OLXmobbi] Toyota Calya 1.2 G Bensin-MT 2018 854,Rp 100.000.000
[OLXmobbi] Toyota Agya 1.2 G Bensin-MT 2018 791,Rp 105.000.000
[OLXmobbi] Daihatsu Rocky 1.2 X ADS Bensin-AT 2021 UZF,Rp 188.000.000
[OLXmobbi] Nissan X-Trail 2.5 Bensin-AT 2018 Putih,Rp 245.000.000
Mitsubishi Xpander Ultimate AT 2017,Rp 220.000.000
TOYOTA RUSH 1.5 TRD SPORTIVO AT 2020 HITAM,Rp 205.000.000
HONDA MOBILIO 1.5 E BENSIN 2018 ABU,Rp 163.000.000
Avanza Veloz 1500cc 2016 matic,Rp 150.000.000
Toyota Corona 1996 Bensin,Rp 52.000.000
Suzuki APV Arena luxury  2010 Bensin double blower,Rp 120.000.000
Vios gen 3 full upgraete 2016 antik limo,Rp 79.500.000
CR-V 2.0 At 2002 Hitam Gen1 Antik,Rp 75.000.000
magnet clucth AC MAZDA CX7,Rp 250.000
Vios Limo 2010 jual cepat,Rp 53.500.000
Suzuki Ignis GL 1.2 AT 2019 Abu - Abu Metalik,Rp 120.000.000
Suzuki Carry 2001 Bensin,Rp 40.000.000
Honda HR-V 2018 Bensin,Rp 192.000.000
HONDA HR-V 1.5 E CVT SE DIJUAL MURAH MOBIL HRV MULUS PEMAKAIAN PRIBADI,Rp 285.000.000
[VIP Dealer] Toyota Innova Reborn G 2016 Matic Solar,Rp 305.000.000
"[OLXmobbi] TDP 3,JT Daihatsu Terios 1.5 R Deluxe Bensin-MT Hitam 2020",Rp 164.000.000
[OLXmobbi] Toyota Calya 1.2 G Bensin-MT 2018 854,Rp 100.000.000
[OLXmobbi] Toyota Avanza 1.5 G Bensin-MT Silver 2022 (DKJ),Rp 197.000.000
[OLX Mobbi] Toyota Agya 1.0 G Bensin-MT 2016 TKO,Rp 96.000.000
Sirion D 2017 MT TDP 5JT,Rp 121.000.000
HONDA BRIO SATYA E AT(ambil mobilnya bayar sesukanya),Rp 119.750.000
[OLXmobbi] Honda HR-V 1.5 e bensin 2017 Hitam (UFK),Rp 177.000.000
[OLXmobbi] Suzuki Ertiga 1.4 GL Bensin-AT 2016 Putih (BKL),Rp 131.000.000
Toyota Avanza 2020 Bensin,Rp 127.000.000
Fortuner G Vnt 2013 Diesel,Rp 280.000.000
"BRIO SATYA 2021E, M/T  MULUS KM RENDAH nego",Rp 155.000.000
IKURA Polishing Set 10 Pcs 3 4 5 7 Inch Busa Poles Mobil Motor Set Pad,Rp 85.000
Di jual dumtruk ragasa 2002,Rp 110.000.000
MULUS! HONDA MOBILIO RS 2016 MATIC,Rp 155.000.000
Xenia Attivo MT 2013 Low KM Tangan Pertama Kota Bogor,Rp 150.000.000
For Sale Mercedes Benz A 250 2013,Rp 245.000.000
Terios 1.5 TX MT 2013 Facelift antik low Km,Rp 140.000.000
Land Cruiser dijual murah,Rp 1.150.000.000
Grandmax Pick up,Rp 65.000.000
[OLXmobbi] Toyota Avanza 1.3 G Bensin MT 2016 Hitam (SKO),Rp 117.000.000
